{"metadata":{"asset_id":"f0220697-c038-4160-a1d8-c9bd6675dff2","asset_attributes":["notebook"],"name":"Parallel data processing strategies","asset_type":"notebook","created_at":"2020-09-06T13:14:54Z","description":"Parallel data processing strategies of Apache Spark using RDD","origin_country":"us","owner_id":"IBMid-550008JYB6","project_id":"90f6d8e3-da23-4241-9771-b046d88b695b","size":208,"tags":["notebook"],"usage":{"last_update_time":1599459809725,"last_updated_at":"2020-09-07T06:23:29Z"}},"entity":{"notebook":{"kernel":{"name":"python36","display_name":"Python 3.6 with Spark","language":"python3"},"originates_from":{"type":"blank"},"runtime":{"environment":"spark24py36-90f6d8e3-da23-4241-9771-b046d88b695b"}}},"attachments":[{"id":"bdb7962b-7e38-4c5c-b676-2ef8aa13f406","version":2,"asset_type":"notebook","name":"attachment for notebook f0220697-c038-4160-a1d8-c9bd6675dff2","description":"attachment for notebook f0220697-c038-4160-a1d8-c9bd6675dff2","mime":"application/json","datasource_type":"193a97c1-4475-4a19-b90c-295c4fdc6517","object_key":"notebook/Parallel_data_processing_strategies_JoU6vVjvj.ipynb","creator_id":"IBMid-550008JYB6","create_time":1599398095295,"size":208,"is_remote":false,"is_managed":false,"is_referenced":true,"is_object_key_read_only":false,"is_user_provided_path_key":true,"transfer_complete":true,"is_partitioned":false,"complete_time_ticks":1599398095295,"user_data":{},"test_doc":0,"handle":{"bucket":"courseraweek2-donotdelete-pr-tweo3vikoc9jyu","location":"eu-geo","key":"notebook/Parallel_data_processing_strategies_JoU6vVjvj.ipynb","upload_id":"done","max_part_num":1},"usage":{"access_count":0,"last_accessor_id":"IBMid-550008JYB6","last_access_time":1599398095295}}]}
