{"metadata":{"asset_id":"d18cd7be-2a09-4aed-8b0d-255bc0538a58","asset_attributes":["notebook"],"name":"Assignment 2","asset_type":"notebook","created_at":"2020-09-10T18:28:17Z","description":"","origin_country":"us","owner_id":"IBMid-550008JYB6","project_id":"90f6d8e3-da23-4241-9771-b046d88b695b","size":207,"tags":["notebook"],"usage":{"last_update_time":1599834878932,"last_updated_at":"2020-09-11T14:34:38Z"}},"entity":{"notebook":{"kernel":{"name":"python3","display_name":"Python 3.6","language":"python"},"originates_from":{"type":"blank"},"runtime":{"environment":"7e02a94c-9e50-4546-915e-6c52be503488"}}},"attachments":[{"id":"1e34ce9f-4b30-4d26-bf98-3640643aa282","version":2,"asset_type":"notebook","name":"attachment for notebook d18cd7be-2a09-4aed-8b0d-255bc0538a58","description":"attachment for notebook d18cd7be-2a09-4aed-8b0d-255bc0538a58","mime":"application/json","datasource_type":"193a97c1-4475-4a19-b90c-295c4fdc6517","object_key":"notebook/Assignment_2_rSkVQ7_db.ipynb","creator_id":"IBMid-550008JYB6","create_time":1599762498806,"size":207,"is_remote":false,"is_managed":false,"is_referenced":true,"is_object_key_read_only":false,"is_user_provided_path_key":true,"transfer_complete":true,"is_partitioned":false,"complete_time_ticks":1599762498806,"user_data":{},"test_doc":0,"handle":{"bucket":"courseraweek2-donotdelete-pr-tweo3vikoc9jyu","location":"eu-geo","key":"notebook/Assignment_2_rSkVQ7_db.ipynb","upload_id":"done","max_part_num":1},"usage":{"access_count":0,"last_accessor_id":"IBMid-550008JYB6","last_access_time":1599762498806}}]}
