{"metadata":{"asset_id":"8c9dbc36-317d-4e1b-b794-9374071ed358","asset_attributes":["environment"],"name":"supernity","asset_type":"environment","created_at":"2020-09-13T14:43:17Z","description":"","origin_country":"us","owner_id":"IBMid-550008JYB6","project_id":"e38c07cd-86df-4d9d-aa06-f3aa1d312ac3","sandbox_id":"e38c07cd-86df-4d9d-aa06-f3aa1d312ac3","size":0,"tags":["dsx"],"usage":{"last_update_time":1600008197430,"last_updated_at":"2020-09-13T14:43:17Z"}},"entity":{"environment":{"sub_type":"notebook","display_name":"supernity","hardware_specification":{"type":"referenced","guid":"fa4d4dbf-6a76-4b67-b74d-1c38a692761e"},"software_specification":{"type":"referenced","guid":"0062b8c9-8b7d-44a0-a9b9-46c416adcbd9"},"tools_specification":{"notebook_extensions":[],"supported_kernels":[{"name":"python3","language":"python","version":"3.6","display_name":"Python 3.6"}]}}}}
