{"metadata":{"asset_id":"fa4d4dbf-6a76-4b67-b74d-1c38a692761e","asset_attributes":["hardware_specification"],"name":"supernity","asset_type":"hardware_specification","created_at":"2020-09-13T14:43:17Z","description":"","origin_country":"us","owner_id":"IBMid-550008JYB6","project_id":"e38c07cd-86df-4d9d-aa06-f3aa1d312ac3","sandbox_id":"e38c07cd-86df-4d9d-aa06-f3aa1d312ac3","size":0,"tags":["dsx"],"usage":{"last_update_time":1600008197175,"last_updated_at":"2020-09-13T14:43:17Z"}},"entity":{"hardware_specification":{"nodes":{"cpu":{"units":"1","model":""},"mem":{"size":"4Gi"}}}}}
