{"metadata":{"asset_id":"d5e621b8-969a-446a-afc5-0db8babb7a66","asset_attributes":["notebook"],"name":"Assignment 3.1","asset_type":"notebook","created_at":"2020-09-13T14:44:35Z","description":"In this assignment you will\n\n    Create an python based jupyter notebook using ApacheSpark on DataScience Experience\n    Access the prepared data stored in Cloud Object Storage (COS)\n    Calculate the minimum and maximum temperature\n    Calculate the first four statistical moments on temperature (mean, standard deviation, skew, kurtosis)\n    Calculate the correlation between temperature and hardness\n\n","origin_country":"us","owner_id":"IBMid-550008JYB6","project_id":"e38c07cd-86df-4d9d-aa06-f3aa1d312ac3","size":207,"tags":["notebook"],"usage":{"last_update_time":1600016976280,"last_updated_at":"2020-09-13T17:09:36Z"}},"entity":{"notebook":{"kernel":{"name":"python3","display_name":"Python 3.6","language":"python"},"originates_from":{"type":"blank"},"runtime":{"environment":"8c9dbc36-317d-4e1b-b794-9374071ed358"}}},"attachments":[{"id":"b933c89f-fac5-4d54-aea5-62759129c10f","version":2,"asset_type":"notebook","name":"attachment for notebook d5e621b8-969a-446a-afc5-0db8babb7a66","description":"attachment for notebook d5e621b8-969a-446a-afc5-0db8babb7a66","mime":"application/json","datasource_type":"193a97c1-4475-4a19-b90c-295c4fdc6517","object_key":"notebook/Assignment_3.1_x3iBzQ4we.ipynb","creator_id":"IBMid-550008JYB6","create_time":1600008275963,"size":207,"is_remote":false,"is_managed":false,"is_referenced":true,"is_object_key_read_only":false,"is_user_provided_path_key":true,"transfer_complete":true,"is_partitioned":false,"complete_time_ticks":1600008275963,"user_data":{},"test_doc":0,"handle":{"bucket":"courseraweek3-donotdelete-pr-xk4bursass6zwc","location":"eu-geo","key":"notebook/Assignment_3.1_x3iBzQ4we.ipynb","upload_id":"done","max_part_num":1},"usage":{"access_count":0,"last_accessor_id":"IBMid-550008JYB6","last_access_time":1600008275963}}]}
