{"metadata":{"asset_id":"a3dd7f6f-ab9f-4f88-848a-f4bec93a6987","asset_attributes":["notebook"],"name":"Statistics","asset_type":"notebook","created_at":"2020-09-11T18:14:51Z","description":"","origin_country":"us","owner_id":"IBMid-550008JYB6","project_id":"e38c07cd-86df-4d9d-aa06-f3aa1d312ac3","size":208,"tags":["notebook"],"usage":{"last_update_time":1599979432852,"last_updated_at":"2020-09-13T06:43:52Z"}},"entity":{"notebook":{"kernel":{"name":"python36","display_name":"Python 3.6 with Spark","language":"python3"},"originates_from":{"type":"blank"},"runtime":{"environment":"spark24py36-e38c07cd-86df-4d9d-aa06-f3aa1d312ac3"}}},"attachments":[{"id":"41481713-b98d-4669-abde-88679ffca455","version":2,"asset_type":"notebook","name":"attachment for notebook a3dd7f6f-ab9f-4f88-848a-f4bec93a6987","description":"attachment for notebook a3dd7f6f-ab9f-4f88-848a-f4bec93a6987","mime":"application/json","datasource_type":"193a97c1-4475-4a19-b90c-295c4fdc6517","object_key":"notebook/Statistics_oEKrPgnbn.ipynb","creator_id":"IBMid-550008JYB6","create_time":1599848092725,"size":208,"is_remote":false,"is_managed":false,"is_referenced":true,"is_object_key_read_only":false,"is_user_provided_path_key":true,"transfer_complete":true,"is_partitioned":false,"complete_time_ticks":1599848092725,"user_data":{},"test_doc":0,"handle":{"bucket":"courseraweek3-donotdelete-pr-xk4bursass6zwc","location":"eu-geo","key":"notebook/Statistics_oEKrPgnbn.ipynb","upload_id":"done","max_part_num":1},"usage":{"access_count":0,"last_accessor_id":"IBMid-550008JYB6","last_access_time":1599848092725}}]}
